inning,release_speed
1,90.25555556
2,90.69032258
3,90.29714286
4,90.053125
5,91.10588235
6,89.5
7,91.7173913
8,91.57857143
9,91.652
